school_name,year,total_candidates,main_admitted,reserve_admitted,retained,poached,unplaced,retention_rate
國立臺中科技大學,113,184,60,124,52,73,59,28.3
國立臺中科技大學,114,197,61,136,59,87,51,29.9
國立臺中科技大學,115,194,56,138,46,86,62,23.7
國立臺北商業大學,113,60,18,42,19,33,8,31.7
國立臺北商業大學,114,40,13,27,9,20,11,22.5
國立臺北商業大學,115,67,19,48,18,38,11,26.9
國立虎尾科技大學,113,107,35,72,20,61,26,18.7
國立虎尾科技大學,114,119,33,86,17,64,38,14.3
國立虎尾科技大學,115,119,36,83,19,62,38,16.0
國立雲林科技大學,113,117,37,80,47,47,23,40.2
國立雲林科技大學,114,120,35,85,46,46,28,38.3
國立雲林科技大學,115,106,35,71,39,40,27,36.8
國立高雄科技大學,113,273,91,182,102,105,66,37.4
國立高雄科技大學,114,231,73,158,95,83,53,41.1
國立高雄科技大學,115,238,76,162,97,80,61,40.8
