school,type,quota_status,reg_114_day,score_cutoff,students_total,drop_rate,cash_reserve,tuition_per_sem,source_mix,threat_level
國立臺中科技大學 財務金融系,公立技職 (本部基準),四技80人 (實註80人/雙班),100.0,77.14,374,2.43,國立校務基金 (約 50.8 億),"NT$ 24,500",統測商管75% + 甄選15% + 申請10%,本部基準 (Base)
國立雲林科技大學 財務金融系,公立技職 (頂尖標竿),四技46人 (實註46人),100.0,83.73,313,0.87,國立校務基金 (約 45.2 億),"NT$ 24,800",統測商管70% + 甄試20% + 特殊10%,★★★★★ (公立商管旗艦龍頭吸磁)
國立高雄科技大學 金融系,公立技職 (南部旗艦),四技93人 (實註92人),100.0,81.77,553,1.19,國立校務基金 (約 62.1 億),"NT$ 24,600",統測商管70% + 甄選20% + 技優10%,★★★★☆ (南部金融第一大系規模優勢)
國立高雄科技大學 財務管理系,公立技職 (南部競合),四技40人 (實註40人),100.0,78.06,274,2.29,國立校務基金 (約 62.1 億),"NT$ 24,600",統測商管75% + 甄選25%,★★★★☆ (南部同門財務管理專精)
國立臺北商業大學 財務金融系,公立技職 (北部對標),四技24人 + 五專50人,100.0,84.59,529,1.82,國立校務基金 (約 28.5 億),"NT$ 24,500",五專回流40% + 統測商管50% + 甄選10%,★★★★☆ (北部商管雙胞胎地緣吸磁)
國立虎尾科技大學 財務金融系,公立技職 (同儕競合),四技50人 (實註49人),98.0,65.64,254,1.57,國立校務基金 (約 35.4 億),"NT$ 24,500",統測商管80% + 甄選20%,★★★☆☆ (中南部公立同儕直接搶生)
逢甲大學 財務金融學系,私立頂尖 (中部巨型),日間150人 (實註149人),99.35,68.2,794,1.95,私立校產資金 (約 78.5 億),"NT$ 49,500",學測申請55% + 分科測驗35% + 繁星10%,★★★★☆ (中部私立名校資源與品牌競爭)
朝陽科技大學 財務金融系,私立科大 (中部龍頭),四技163人 (實註157人),96.34,56.4,678,3.82,私立校產資金 (約 32.1 億),"NT$ 46,200",統測商管65% + 技優20% + 申請15%,★★★☆☆ (中部私立科大在地生源爭奪)
東海大學 財務金融學系,私立老牌 (名校博雅),日間85人 (實註84人),98.82,64.1,480,2.1,私立校產資金 (約 42.1 億),"NT$ 48,800",學測申請50% + 分科測驗40% + 繁星10%,★★★☆☆ (老牌綜合大學名校生源拉扯)
