學年度,全國大一入學新生推估數,統測商管群總報名人數,公立商管預估報考率,中科財金新生生源基數,中科財金日間註冊率推估,風險評級
113,204300,24200,100.0%,80,100.0%,穩健安全
114,198500,23100,100.0%,80,100.0%,穩健安全
115,192800,22000,100.0%,80,100.0%,穩健安全
116,186400,20800,100.0%,80,100.0%,穩健安全
117,177200,19400,98.5%,80,100.0%,虎年海嘯波段
118,172100,18700,98.2%,80,100.0%,微幅承壓
119,169500,18200,97.8%,80,100.0%,微幅承壓
120,165400,17600,97.5%,80,99.0%,需注意私立外溢
121,161800,17100,97.0%,80,98.5%,需注意私立外溢
122,158200,16600,96.5%,80,98.0%,公立商管護城河考驗
123,154600,16100,96.0%,80,97.5%,公立商管護城河考驗
124,151000,15600,95.5%,80,97.0%,精準行銷與產學深化
125,147500,15100,95.0%,80,96.5%,精準行銷與產學深化
126,144100,14600,94.5%,80,96.0%,結構調整因應期
127,140800,14100,94.0%,80,95.5%,結構調整因應期
128,137500,13600,93.5%,80,95.0%,大斷崖底限保衛戰
